method,total_reward
Greedy Optimization,34.92553565807543
Greedy-by-Env-Exposure,33.001329503434995
Greedy-by-SoVI,31.563574700124818
Q-Learning (RL),28.648693321777923
Random,27.850770538036475
